<?xml version="1.0"?>
<doc>
    <assembly>
        <name>Sw.His.Common.ConvertTools</name>
    </assembly>
    <members>
        <member name="T:Sw.His.Common.Functional.Unit.ConvertTools.XmlConvert">
            <summary>
            XML 转换
            </summary>
        </member>
        <member name="M:Sw.His.Common.Functional.Unit.ConvertTools.XmlConvert.Serialize``1(``0)">
            <summary>
            XML 序列化（UTF-16）
            </summary>
            <param name="value">序列化对象</param>
            <typeparam name="T">对象类型</typeparam>
            <returns>XML 内容字符串</returns>
        </member>
        <member name="M:Sw.His.Common.Functional.Unit.ConvertTools.XmlConvert.Serialize``1(``0,System.Text.Encoding)">
            <summary>
            XML 序列化
            </summary>
            <param name="value">序列化对象</param>
            <param name="encoding">XML 编码格式</param>
            <typeparam name="T">对象类型</typeparam>
            <returns>XML 内容字符串</returns>
        </member>
        <member name="M:Sw.His.Common.Functional.Unit.ConvertTools.XmlConvert.SerializeByUtf8``1(``0)">
            <summary>
            XML 序列化（UTF-8）
            </summary>
            <param name="value">序列化对象</param>
            <typeparam name="T">对象类型</typeparam>
            <returns>XML 内容字符串</returns>
        </member>
        <member name="M:Sw.His.Common.Functional.Unit.ConvertTools.XmlConvert.Deserialize(System.String)">
            <summary>
            XML 反序列化
            </summary>
            <param name="value">需要反序列化的 XML 字符串</param>
            <returns>反序列化对象</returns>
        </member>
        <member name="M:Sw.His.Common.Functional.Unit.ConvertTools.XmlConvert.Deserialize``1(System.String)">
            <summary>
            XML 反序列化
            </summary>
            <typeparam name="T">期望反序列化后的类型</typeparam>
            <param name="value">需要反序列化的 XML 字符串</param>
            <returns>反序列化对象</returns>
        </member>
        <member name="M:Sw.His.Common.Functional.Unit.ConvertTools.XmlConvert.Deserialize(System.String,System.Text.Encoding)">
            <summary>
            XML 反序列化
            </summary>
            <param name="value">需要反序列化的 XML 字符串</param>
            <param name="encoding"></param>
            <returns>反序列化对象</returns>
        </member>
        <member name="M:Sw.His.Common.Functional.Unit.ConvertTools.XmlConvert.Deserialize``1(System.String,System.Text.Encoding)">
            <summary>
            XML 反序列化
            </summary>
            <param name="value">需要反序列化的 XML 字符串</param>
            <param name="encoding">XML 编码格式</param>
            <typeparam name="T">期望反序列化后的类型</typeparam>
            <returns>反序列化对象</returns>
        </member>
        <member name="M:Sw.His.Common.Functional.Unit.ConvertTools.XmlConvert.Formatter(System.String)">
            <summary>
            XML 格式化（UTF-16）
            </summary>
            <param name="value">需要格式化的 XML 字符串</param>
            <returns>格式化后的 XML 字符串</returns>
        </member>
        <member name="M:Sw.His.Common.Functional.Unit.ConvertTools.XmlConvert.Formatter(System.String,System.Text.Encoding)">
            <summary>
            XML 格式化
            </summary>
            <param name="value">需要格式化的 XML 字符串</param>
            <param name="encoding">指定格式化时使用的编码</param>
            <returns>格式化后的 XML 字符串</returns>
        </member>
    </members>
</doc>
