﻿<?xml version="1.0" encoding="utf-8" ?>
<root>
  <connectionString>
    <add>
      <name>LisInterface</name>
      <value>Data Source=.;Initial Catalog=jk;User ID=sa;Password=123;MultipleActiveResultSets=True</value>
    </add>
    <add>
      <name>HisInterface</name>
      <value>Data Source=.;User ID=sa;Password=123qwe#@!</value>
    </add>
    <add>
      <name>UKInterfaceURL</name>
      <value>http://test.ukang.cc/system/YhweCharge.ashx?</value>
    </add>
  </connectionString>
</root>